"id","Lake.name","idnew","propfail","propfail.e","nfail","npass","nfail.e","npass.e","ntot","tdepth","dmax","d25","prop.extrap","tmax","tmin","dmax.all","doint","psat.max","psat.mn","domean","domean.all","resarea","Lat","Long","elev","lakeratio","idyear","yday","depth.h","depth.hm","chlmean","nsamp","docmean","idynum","idnum"
"10","Lake Northwoods","10--2001---141",0,0,0,4,0,7,8,4.5,8,9.6,0.272727272727273,22.1,9.2,11,52.2,0.889279066656106,0.672471870988365,7.45714285714286,7.45714285714286,83,38.4311,-91.4814,558,2.18854954642777,"10--2001",141,6.5,8.28947368421053,1.32419362941361,25,1.66667622954271,1,1
"10","Lake Northwoods","10--2001---161",0.666666666666667,0.777777777777778,4,2,7,2,8,2.75,8,9.4,0.272727272727273,25.2,10,11,21.2,1.23835019620204,0.270936698950393,2.35555555555556,2.35555555555556,83,38.4311,-91.4814,558,2.18854954642777,"10--2001",161,8.25,8.28947368421053,1.32419362941361,25,1.66667622954271,1,1
"110","Little Prairie Lake","110--1994---137",0,0.285714285714286,0,5,2,5,6,2.5,7,7.5,0.222222222222222,22.4,12.8,9,33.7913875598086,0.68685341267865,0.478245049233242,4.82734107997266,4.82734107997266,100,37.99689,-91.69171,1024,2.80244459760139,"110--1994",137,6.5,6.04736842105263,1.91799244749959,79,1.64846693910536,2,2
"110","Little Prairie Lake","110--1994---165",1,1,3,0,7,0,4,2.5,5,7.6,0.444444444444444,24.9,12.9,9,18.2,0.272908730893343,0.240754657537947,2.6,2.6,100,37.99689,-91.69171,1024,2.80244459760139,"110--1994",165,6.5,6.04736842105263,1.91799244749959,79,1.64846693910536,2,2
"110","Little Prairie Lake","110--1994---193",1,1,3,0,7,0,4,2.5,5,6.1,0.444444444444444,25,10.1,9,18,0.24675957020525,0.219818158805837,2.57142857142857,2.57142857142857,100,37.99689,-91.69171,1024,2.80244459760139,"110--1994",193,6.5,6.04736842105263,1.91799244749959,79,1.64846693910536,2,2
"112","Lake Shayne","112--1994---80",0,0,0,12,0,14,16,3.5,15.5,12.3,0.0882352941176471,9.9,6.1,17,165.7,1.11228824008842,1.00136235575134,11.8357142857143,11.8357142857143,51,37.89761,-90.64129,974,1.25378528292554,"112--1994",80,13.5,13.1368852459016,0.141127795660518,73,1.11604379778509,3,3
"112","Lake Shayne","112--1994---122",0,0,0,8,0,13,12,4.5,12,9.4,0.294117647058823,15.8,8.1,17,113,0.865412066460958,0.788531674266663,8.69230769230769,8.69230769230769,51,37.89761,-90.64129,974,1.25378528292554,"112--1994",122,12.5,13.1368852459016,0.141127795660518,73,1.11604379778509,3,3
"112","Lake Shayne","112--1996---141",0,0.2,0,12,3,12,13,2.5,14,8.5,0.176470588235294,24.2,7.7,17,97.6818325456926,1.00685523163342,0.612804334934992,6.51212216971284,6.51212216971284,51,37.89761,-90.64129,974,1.25378528292554,"112--1996",141,14.5,13.1368852459016,0.141127795660518,73,1.11604379778509,4,3
"112","Lake Shayne","112--1996---169",0.357142857142857,0.4,5,9,6,9,16,2.25,16,8.9,0.0588235294117647,26.3,7.8,17,76.4440978914009,1.06222441295026,0.50656705507001,5.09627319276006,5.09627319276006,51,37.89761,-90.64129,974,1.25378528292554,"112--1996",169,14.75,13.1368852459016,0.141127795660518,73,1.11604379778509,4,3
"112","Lake Shayne","112--1996---204",0.222222222222222,0.5,2,7,7,7,14,3.5,12,8.1,0.294117647058823,27.8,8.4,17,49.1935267951027,0.977664311648283,0.362900809252422,3.51382334250734,3.51382334250734,51,37.89761,-90.64129,974,1.25378528292554,"112--1996",204,13.5,13.1368852459016,0.141127795660518,73,1.11604379778509,4,3
"112","Lake Shayne","112--1998---138",0.0769230769230769,0.142857142857143,1,12,2,12,20,3.25,16.5,10.2,0.0294117647058824,25.1,7,17,99.3021076543337,1.15353643981964,0.663008091494634,7.09300768959526,7.09300768959526,51,37.89761,-90.64129,974,1.25378528292554,"112--1998",138,13.75,13.1368852459016,0.141127795660518,73,1.11604379778509,5,3
"112","Lake Shayne","112--1998---215",0.166666666666667,0.615384615384615,1,5,8,5,13,4.25,10,6,0.411764705882353,27.4,9.6,17,38.1319579998067,0.797452637874064,0.302336815342569,2.93322753844667,2.93322753844667,51,37.89761,-90.64129,974,1.25378528292554,"112--1998",215,12.75,13.1368852459016,0.141127795660518,73,1.11604379778509,5,3
"112","Lake Shayne","112--1999---143",0,0.142857142857143,0,10,2,12,17,3.75,13,9.9,0.235294117647059,22.4,7.3,17,111.76937550098,1.27279628400816,0.741305311142122,7.98352682149854,7.98352682149854,51,37.89761,-90.64129,974,1.25378528292554,"112--1999",143,13.25,13.1368852459016,0.141127795660518,73,1.11604379778509,6,3
"112","Lake Shayne","112--1999---164",0.181818181818182,0.357142857142857,2,9,5,9,17,3.25,14,8.8,0.176470588235294,27.7,7.4,17,91.1228478703953,1.24159197287028,0.629987814275742,6.50877484788538,6.50877484788538,51,37.89761,-90.64129,974,1.25378528292554,"112--1999",164,13.75,13.1368852459016,0.141127795660518,73,1.11604379778509,6,3
"112","Lake Shayne","112--2001---141",0,0,0,10,0,13,13,4.75,14,10.8,0.176470588235294,22.9,8.1,17,139.081592257964,1.55688707112041,1.00628053159597,10.6985840198434,10.6985840198434,51,37.89761,-90.64129,974,1.25378528292554,"112--2001",141,12.25,13.1368852459016,0.141127795660518,73,1.11604379778509,7,3
"112","Lake Shayne","112--2001---161",0.153846153846154,0.266666666666667,2,11,4,11,11,2.25,15,10.3,0.117647058823529,26.2,8.2,17,148.479581698926,2.12895936625535,1.007205106569,9.89863877992841,9.89863877992841,51,37.89761,-90.64129,974,1.25378528292554,"112--2001",161,14.75,13.1368852459016,0.141127795660518,73,1.11604379778509,7,3
"112","Lake Shayne","112--2001---189",0.181818181818182,0.357142857142857,2,9,5,9,11,3.5,14,8.3,0.176470588235294,30.3,8.8,17,86.8511710297145,1.2079033036716,0.645834346884672,6.20365507355103,6.20365507355103,51,37.89761,-90.64129,974,1.25378528292554,"112--2001",189,13.5,13.1368852459016,0.141127795660518,73,1.11604379778509,7,3
"112","Lake Shayne","112--2003---138",0,0,0,10,0,13,13,4.25,14,7.7,0.176470588235294,23.3,6.2,17,97.2532730039174,0.802873102366146,0.653807119637855,7.48102100030134,7.48102100030134,51,37.89761,-90.64129,974,1.25378528292554,"112--2003",138,12.75,13.1368852459016,0.141127795660518,73,1.11604379778509,8,3
"112","Lake Shayne","112--2003---159",0,0,0,10,0,14,14,3.25,13,7.6,0.235294117647059,23.2,6.6,17,105.405057092274,0.886718794285652,0.68324806875268,7.52893264944814,7.52893264944814,51,37.89761,-90.64129,974,1.25378528292554,"112--2003",159,13.75,13.1368852459016,0.141127795660518,73,1.11604379778509,8,3
"112","Lake Shayne","112--2003---187",0.2,0.466666666666667,2,8,7,8,16,2.6,12,4.5,0.294117647058823,30.8,7.1,17,59.9516450665525,0.555619262321786,0.384377951331246,3.99677633777017,3.99677633777017,51,37.89761,-90.64129,974,1.25378528292554,"112--2003",187,14.4,13.1368852459016,0.141127795660518,73,1.11604379778509,8,3
"112","Lake Shayne","112--2003---208",0.5,0.615384615384615,5,5,8,5,15,4.25,14.5,3.5,0.147058823529412,29,7.1,17,35.1183422142144,0.53727280741309,0.256875964656061,2.70141093955495,2.70141093955495,51,37.89761,-90.64129,974,1.25378528292554,"112--2003",208,12.75,13.1368852459016,0.141127795660518,73,1.11604379778509,8,3
"112","Lake Shayne","112--2005---137",0.357142857142857,0.4,5,9,6,9,13,2.75,16.5,8.2,0.0294117647058824,21.7,8.1,17,91.0337369373699,1.12194654172388,0.587307598968916,6.06891579582466,6.06891579582466,51,37.89761,-90.64129,974,1.25378528292554,"112--2005",137,14.25,13.1368852459016,0.141127795660518,73,1.11604379778509,9,3
"112","Lake Shayne","112--2005---158",0.416666666666667,0.5,5,7,7,7,23,3.25,15.5,7,0.0882352941176471,26.8,8.2,17,66.4,0.91982743593924,0.46561508317902,4.74285714285714,4.74285714285714,51,37.89761,-90.64129,974,1.25378528292554,"112--2005",158,13.75,13.1368852459016,0.141127795660518,73,1.11604379778509,9,3
"133","Forest Lake","133--1994---129",0,0.153846153846154,0,8,2,11,10,1.6,9.5,11.6,0.296296296296296,17.7,13,13.5,107.701888599159,1.1838582702505,0.830227136637364,8.28476066147379,8.28476066147379,646,40.1714,-92.6548,802,2.9785432186539,"133--1994",129,11.9,9.375,1.67960053318181,129,1.72802525470128,10,4
"133","Forest Lake","133--1994---157",0,0.454545454545455,0,6,5,6,9,3.5,9.1,9.1,0.325925925925926,24.9,12.9,13.5,35.2640553323139,0.686695327058221,0.327461121189521,3.20582321202854,3.20582321202854,646,40.1714,-92.6548,802,2.9785432186539,"133--1994",157,10,9.375,1.67960053318181,129,1.72802525470128,10,4
"133","Forest Lake","133--2004---102",0,0,0,4,0,7,11,7.75,11,9.9,0.185185185185185,11.8,8.7,13.5,53.2157798229839,0.738840564203744,0.675416406295182,7.60225426042627,7.60225426042627,646,40.1714,-92.6548,802,2.9785432186539,"133--2004",102,5.75,9.375,1.67960053318181,129,1.72802525470128,11,4
"133","Forest Lake","133--2004---112",0,0,0,6,0,9,10,5.5,11,7.4,0.185185185185185,15.8,11.3,13.5,54.4451646318905,0.707569808240474,0.57827310905438,6.04946273687672,6.04946273687672,646,40.1714,-92.6548,802,2.9785432186539,"133--2004",112,8,9.375,1.67960053318181,129,1.72802525470128,11,4
"133","Forest Lake","133--2004---130",0.444444444444444,0.545454545454545,4,5,6,5,11,3.5,12,7,0.111111111111111,20.3,11.5,13.5,39.9847967168046,0.708275161436913,0.370932547880748,3.63498151970951,3.63498151970951,646,40.1714,-92.6548,802,2.9785432186539,"133--2004",130,10,9.375,1.67960053318181,129,1.72802525470128,11,4
"133","Forest Lake","133--2004---138",0.4,0.7,2,3,7,3,13,4.75,9,6.9,0.333333333333333,21,13.7,13.5,23.4437613127816,0.645535664892974,0.243210227167323,2.34437613127816,2.34437613127816,646,40.1714,-92.6548,802,2.9785432186539,"133--2004",138,8.75,9.375,1.67960053318181,129,1.72802525470128,11,4
"152","Lafayette","152--2001---141",0,0.166666666666667,0,5,1,5,10,4.25,9.5,8,0,23.4,9.6,9.5,44.5909775811508,1.01753926839062,0.726981134515,7.43182959685847,7.43182959685847,38,37.8925,-90.5942,860,2.08449970957548,"152--2001",141,5.25,6.0625,0.382980668701536,6,1.65428154341997,12,5
"152","Lafayette","152--2001---161",0,0.125,0,7,1,7,7,2.5,9,10,0.0526315789473685,27.7,10.7,9.5,81.6938307873091,1.45015596885638,1.08739982326675,10.2117288484136,10.2117288484136,38,37.8925,-90.5942,860,2.08449970957548,"152--2001",161,7,6.0625,0.382980668701536,6,1.65428154341997,12,5
"152","Lafayette","152--2001---189",0,0.125,0,7,1,7,8,2.5,9,10.3,0.0526315789473685,30.8,12.6,9.5,60.2338715218138,1.27648698383202,0.875516069956551,7.52923394022673,7.52923394022673,38,37.8925,-90.5942,860,2.08449970957548,"152--2001",189,7,6.0625,0.382980668701536,6,1.65428154341997,12,5
"152","Lafayette","152--2001---210",0.25,0.5,1,3,3,3,7,4.5,8,4.7,0.157894736842105,30.3,15.7,9.5,15.3,0.608154155320097,0.300347861382519,2.55,2.55,38,37.8925,-90.5942,860,2.08449970957548,"152--2001",210,5,6.0625,0.382980668701536,6,1.65428154341997,12,5
"16","Timberline Lake","16--1991---140",0,0.4375,0,8,7,9,9,2.5,10,8.2,0.444444444444444,25.2,8.2,18,78.5192194403535,1.05614139207871,0.481809531890766,4.90745121502209,4.90745121502209,42,37.9925,-90.5419,935,1.12802665640632,"16--1991",140,15.5,14.2137931034483,0.30715881331284,29,0.970058128397448,13,6
"16","Timberline Lake","16--1991---168",0,0.533333333333333,0,7,8,7,11,3.35,10,9.8,0.444444444444444,29.2,8.7,18,70.2637463162867,1.27071130947074,0.475744646216883,4.68424975441912,4.68424975441912,42,37.9925,-90.5419,935,1.12802665640632,"16--1991",168,14.65,14.2137931034483,0.30715881331284,29,0.970058128397448,13,6
"16","Timberline Lake","16--1995---141",0,0,0,11,0,15,14,3.5,14,7,0.222222222222222,22.4,6.6,18,99.1,0.88052353809686,0.596988498924901,6.60666666666667,6.60666666666667,42,37.9925,-90.5419,935,1.12802665640632,"16--1995",141,14.5,14.2137931034483,0.30715881331284,29,0.970058128397448,14,6
"16","Timberline Lake","16--1995---169",0.25,0.4375,3,9,7,9,14,2.5,14,6.9,0.222222222222222,27.1,7,18,76.3279257482516,0.85036421947521,0.458199927881813,4.77049535926573,4.77049535926573,42,37.9925,-90.5419,935,1.12802665640632,"16--1995",169,15.5,14.2137931034483,0.30715881331284,29,0.970058128397448,14,6
"16","Timberline Lake","16--1995---204",0.363636363636364,0.533333333333333,4,7,8,7,14,3.5,14,6.1,0.222222222222222,28.7,7.2,18,46.3624743919963,0.77667136995701,0.315959966170465,3.09083162613309,3.09083162613309,42,37.9925,-90.5419,935,1.12802665640632,"16--1995",204,14.5,14.2137931034483,0.30715881331284,29,0.970058128397448,14,6
"16","Timberline Lake","16--1996---146",0,0,0,16,0,16,17,2.5,18,8.6,0,23.5,7.1,18,124.5,1.03329861450464,0.71585816914985,7.78125,7.78125,42,37.9925,-90.5419,935,1.12802665640632,"16--1996",146,15.5,14.2137931034483,0.30715881331284,29,0.970058128397448,15,6
"16","Timberline Lake","16--1996---168",0.142857142857143,0.25,2,12,4,12,16,2.25,16,8,0.111111111111111,27.1,7.3,18,93.8736117836329,0.939272888318599,0.563545666486317,5.86710073647706,5.86710073647706,42,37.9925,-90.5419,935,1.12802665640632,"16--1996",168,15.75,14.2137931034483,0.30715881331284,29,0.970058128397448,15,6
"16","Timberline Lake","16--1996---203",0,0.4,0,9,6,9,15,3.75,12,6.4,0.333333333333333,27.7,8.5,18,65.5276912296535,0.843073547507272,0.43404476718039,4.36851274864357,4.36851274864357,42,37.9925,-90.5419,935,1.12802665640632,"16--1996",203,14.25,14.2137931034483,0.30715881331284,29,0.970058128397448,15,6
"16","Timberline Lake","16--1998---138",0,0,0,10,0,16,14,2.5,12,8,0.333333333333333,25,7.3,18,128.787724923213,1.06990984850811,0.742263587901428,8.04923280770083,8.04923280770083,42,37.9925,-90.5419,935,1.12802665640632,"16--1998",138,15.5,14.2137931034483,0.30715881331284,29,0.970058128397448,16,6
"16","Timberline Lake","16--1998---194",0.454545454545455,0.6,5,6,9,6,19,3.25,14,7.9,0.222222222222222,28.5,7.5,18,47.9914247841085,0.960922905535919,0.320636822961114,3.19942831894056,3.19942831894056,42,37.9925,-90.5419,935,1.12802665640632,"16--1998",194,14.75,14.2137931034483,0.30715881331284,29,0.970058128397448,16,6
"16","Timberline Lake","16--1998---215",0.5,0.785714285714286,3,3,11,3,14,4.25,10,6.3,0.444444444444444,26.7,9,18,28.6518544467973,0.733343721530136,0.204948734043809,2.04656103191409,2.04656103191409,42,37.9925,-90.5419,935,1.12802665640632,"16--1998",215,13.75,14.2137931034483,0.30715881331284,29,0.970058128397448,16,6
"16","Timberline Lake","16--2000---136",0,0,0,5,0,12,8,6.5,11,9.4,0.388888888888889,21.4,9.3,18,158.696250571559,1.40819712250273,1.1749397223057,13.2246875476299,13.2246875476299,42,37.9925,-90.5419,935,1.12802665640632,"16--2000",136,11.5,14.2137931034483,0.30715881331284,29,0.970058128397448,17,6
"16","Timberline Lake","16--2000---157",0,0.307692307692308,0,6,4,9,11,5,11.5,7.4,0.361111111111111,24.2,9.1,18,86.0490950159042,1.11069125910625,0.639272345343724,6.61916115506955,6.61916115506955,42,37.9925,-90.5419,935,1.12802665640632,"16--2000",157,13,14.2137931034483,0.30715881331284,29,0.970058128397448,17,6
"16","Timberline Lake","16--2001---141",0,0,0,11,0,13,11,5.25,16,8.6,0.111111111111111,23.1,7.6,18,170.559283576334,1.43999354583027,1.18562819743748,13.1199448904872,13.1199448904872,42,37.9925,-90.5419,935,1.12802665640632,"16--2001",141,12.75,14.2137931034483,0.30715881331284,29,0.970058128397448,18,6
"16","Timberline Lake","16--2001---161",0,0.0666666666666667,0,11,1,14,10,3.5,14,10.4,0.222222222222222,25.7,8,18,149.264667533092,1.44841616219398,0.958825231712458,9.95097783553946,9.95097783553946,42,37.9925,-90.5419,935,1.12802665640632,"16--2001",161,14.5,14.2137931034483,0.30715881331284,29,0.970058128397448,18,6
"16","Timberline Lake","16--2001---189",0,0,0,8,0,16,8,2.5,10,8.9,0.444444444444444,31.1,11,18,145.331458286737,1.05262768046205,0.866058446655088,9.08321614292105,9.08321614292105,42,37.9925,-90.5419,935,1.12802665640632,"16--2001",189,15.5,14.2137931034483,0.30715881331284,29,0.970058128397448,18,6
"16","Timberline Lake","16--2001---210",0.272727272727273,0.428571428571429,3,8,6,8,11,4.5,15,7.6,0.166666666666667,29.9,8.9,18,58.3033017148029,0.917477351671779,0.43716822125031,4.16452155105735,4.16452155105735,42,37.9925,-90.5419,935,1.12802665640632,"16--2001",210,13.5,14.2137931034483,0.30715881331284,29,0.970058128397448,18,6
"16","Timberline Lake","16--2007---155",0.0833333333333333,0.266666666666667,1,11,4,11,21,3.75,15,8.8,0.166666666666667,25.9,6.8,18,103.8,1.27696315390834,0.661354643088239,6.92,6.92,42,37.9925,-90.5419,935,1.12802665640632,"16--2007",155,14.25,14.2137931034483,0.30715881331284,29,0.970058128397448,19,6
"16","Timberline Lake","16--2007---176",0.307692307692308,0.4,4,9,6,9,20,3.75,16.5,11.2,0.0833333333333334,29.2,6.9,18,89.246073301479,1.5222611012603,0.605845856622688,5.9497382200986,5.9497382200986,42,37.9925,-90.5419,935,1.12802665640632,"16--2007",176,14.25,14.2137931034483,0.30715881331284,29,0.970058128397448,19,6
"16","Timberline Lake","16--2007---204",0.375,0.615384615384615,3,5,8,5,17,5.4,13,9.5,0.277777777777778,28.6,7.5,18,49.6,1.24058348411058,0.381136391410991,3.81538461538462,3.81538461538462,42,37.9925,-90.5419,935,1.12802665640632,"16--2007",204,12.6,14.2137931034483,0.30715881331284,29,0.970058128397448,19,6
"17","Lake Carmel","17--1992---146",0,0.0909090909090909,0,6,1,10,9,3.25,9,7.7,0.379310344827586,21,10.3,14.5,70.8394610586918,0.864361314009236,0.614211869380565,6.43995100533562,6.43995100533562,50,37.9264,-90.6389,787,1.46269589962975,"17--1992",146,11.25,10.5810810810811,0.417717587253417,26,0.711951111428653,20,7
"17","Lake Carmel","17--1992---175",0.125,0.3,1,7,3,7,12,4.5,12,7,0.172413793103448,22.5,8,14.5,61.0578157716437,0.953039698431557,0.569819606899731,6.10578157716437,6.10578157716437,50,37.9264,-90.6389,787,1.46269589962975,"17--1992",175,10,10.5810810810811,0.417717587253417,26,0.711951111428653,20,7
"17","Lake Carmel","17--1992---202",0.444444444444444,0.5,4,5,5,5,13,4.5,13,8,0.103448275862069,27.2,10.3,14.5,49.9,0.954808461078882,0.507846213781254,4.99,4.99,50,37.9264,-90.6389,787,1.46269589962975,"17--1992",202,10,10.5810810810811,0.417717587253417,26,0.711951111428653,20,7
"17","Lake Carmel","17--1994---80",0,0,0,6,0,7,12,7.5,13,11.5,0.103448275862069,9.9,6.7,14.5,73.0106279406218,0.953533886021359,0.884129206221992,10.4300897058031,10.4300897058031,50,37.9264,-90.6389,787,1.46269589962975,"17--1994",80,7,10.5810810810811,0.417717587253417,26,0.711951111428653,21,7
"17","Lake Carmel","17--1994---122",0,0,0,9,0,10,12,4.5,13,10.2,0.103448275862069,16.6,8.9,14.5,75.8,0.873275401740802,0.694401328517701,7.58,7.58,50,37.9264,-90.6389,787,1.46269589962975,"17--1994",122,10,10.5810810810811,0.417717587253417,26,0.711951111428653,21,7
"17","Lake Carmel","17--1995---142",0,0,0,12,0,12,14,2.35,14,9.3,0.0344827586206896,22.1,8.1,14.5,73.9,0.935067327821724,0.592825700550222,6.15833333333333,6.15833333333333,50,37.9264,-90.6389,787,1.46269589962975,"17--1995",142,12.15,10.5810810810811,0.417717587253417,26,0.711951111428653,22,7
"17","Lake Carmel","17--1995---170",0.6,0.666666666666667,6,4,8,4,13,2.5,12.5,6.3,0.137931034482759,26.2,8.7,14.5,35.7,0.779315092542441,0.31387820692439,2.975,2.975,50,37.9264,-90.6389,787,1.46269589962975,"17--1995",170,12,10.5810810810811,0.417717587253417,26,0.711951111428653,22,7
"17","Lake Carmel","17--1997---146",0.5,0.6,4,4,6,4,17,4.5,12,8.4,0.172413793103448,21.1,9.8,14.5,36.3355953977372,0.882528366288502,0.362673319275177,3.63355953977372,3.63355953977372,50,37.9264,-90.6389,787,1.46269589962975,"17--1997",146,10,10.5810810810811,0.417717587253417,26,0.711951111428653,23,7
"17","Lake Carmel","17--1997---166",0.545454545454545,0.583333333333333,6,5,7,5,16,2.5,13,8.4,0.103448275862069,24.6,9.9,14.5,37.8,0.961207334363766,0.342090077523445,3.15,3.15,50,37.9264,-90.6389,787,1.46269589962975,"17--1997",166,12,10.5810810810811,0.417717587253417,26,0.711951111428653,23,7
"17","Lake Carmel","17--1999---143",0,0.0909090909090909,0,7,1,10,13,3.5,10,9,0.310344827586207,22,8.2,14.5,71.5306971255942,0.973358454508352,0.612857160727226,6.50279064778129,6.50279064778129,50,37.9264,-90.6389,787,1.46269589962975,"17--1999",143,11,10.5810810810811,0.417717587253417,26,0.711951111428653,24,7
"17","Lake Carmel","17--1999---164",0,0.272727272727273,0,5,3,8,11,3.25,8,6.7,0.448275862068966,27.3,9.8,14.5,54.2004044852758,0.792233853070291,0.47553070779895,4.92730949866144,4.92730949866144,50,37.9264,-90.6389,787,1.46269589962975,"17--1999",164,11.25,10.5810810810811,0.417717587253417,26,0.711951111428653,24,7
"17","Lake Carmel","17--2003---138",0,0,0,9,0,11,11,3.5,12.5,7.4,0.137931034482759,22.8,7.3,14.5,71.7575517088983,0.759257408054615,0.602550891170837,6.52341379171803,6.52341379171803,50,37.9264,-90.6389,787,1.46269589962975,"17--2003",138,11,10.5810810810811,0.417717587253417,26,0.711951111428653,25,7
"17","Lake Carmel","17--2003---159",0,0.3,0,7,3,7,11,4.5,11,7.3,0.241379310344828,22.9,7.9,14.5,51.8394671885468,0.779576668565085,0.485566942301585,5.18394671885468,5.18394671885468,50,37.9264,-90.6389,787,1.46269589962975,"17--2003",159,10,10.5810810810811,0.417717587253417,26,0.711951111428653,25,7
"17","Lake Carmel","17--2003---187",0.4,0.5,4,6,6,6,12,2.8,12,4.8,0.172413793103448,31.3,8.1,14.5,38.8719099277835,0.756405334307876,0.338663074359573,3.23932582731529,3.23932582731529,50,37.9264,-90.6389,787,1.46269589962975,"17--2003",187,11.7,10.5810810810811,0.417717587253417,26,0.711951111428653,25,7
"17","Lake Carmel","17--2003---208",0.555555555555556,0.6,5,4,6,4,15,4.25,13,4,0.103448275862069,29.2,8.2,14.5,20.7,0.597218253279501,0.209337490806526,2.07,2.07,50,37.9264,-90.6389,787,1.46269589962975,"17--2003",208,10.25,10.5810810810811,0.417717587253417,26,0.711951111428653,25,7
"18","Lake Capri","18--1994---80",0,0,0,5,0,13,12,8.5,13,12.9,0.380952380952381,8.9,6,21,156.239034989083,1.10181521494929,0.994650830922893,12.0183873068525,12.0183873068525,112,37.8978,-90.6275,718,1.2355626060288,"18--1994",80,12.5,15.706862745098,0.212508490422503,78,1.29315249757426,26,8
"18","Lake Capri","18--1994---227",0.166666666666667,0.666666666666667,1,5,10,5,12,6.5,12,7.8,0.428571428571429,23.5,7,21,49.3,1.03355819676334,0.308814214409758,3.28666666666667,3.28666666666667,112,37.8978,-90.6275,718,1.2355626060288,"18--1994",227,14.5,15.706862745098,0.212508490422503,78,1.29315249757426,26,8
"18","Lake Capri","18--1996---141",0,0,0,9,0,17,12,4.5,13,8.5,0.380952380952381,23.1,8.3,21,122.048479686357,0.967845218120062,0.651985388635538,7.17932233449161,7.17932233449161,112,37.8978,-90.6275,718,1.2355626060288,"18--1996",141,16.5,15.706862745098,0.212508490422503,78,1.29315249757426,27,8
"18","Lake Capri","18--1996---169",0.428571428571429,0.578947368421053,6,8,11,8,17,2.75,16,6.9,0.238095238095238,26,8.4,21,59.9546082599816,0.836128578271983,0.323974223093492,3.15550569789377,3.15550569789377,112,37.8978,-90.6275,718,1.2355626060288,"18--1996",169,18.25,15.706862745098,0.212508490422503,78,1.29315249757426,27,8
"18","Lake Capri","18--1997---146",0,0,0,10,0,17,15,4.5,14,9.1,0.333333333333333,20.7,8.7,21,136.5,1.09054984323567,0.772792897479771,8.02941176470588,8.02941176470588,112,37.8978,-90.6275,718,1.2355626060288,"18--1997",146,16.5,15.706862745098,0.212508490422503,78,1.29315249757426,28,8
"18","Lake Capri","18--1997---166",0.166666666666667,0.411764705882353,2,10,7,10,16,4.5,16,9.2,0.238095238095238,25.8,8.3,21,101.001124059243,1.0479491881107,0.584240885533686,5.94124259172021,5.94124259172021,112,37.8978,-90.6275,718,1.2355626060288,"18--1997",166,16.5,15.706862745098,0.212508490422503,78,1.29315249757426,28,8
"18","Lake Capri","18--1998---138",0,0,0,16,0,18,22,3.25,19.5,9.1,0.0714285714285714,24.3,8.1,21,152.515439308914,1.17557235398188,0.809934967439445,8.47307996160636,8.47307996160636,112,37.8978,-90.6275,718,1.2355626060288,"18--1998",138,17.75,15.706862745098,0.212508490422503,78,1.29315249757426,29,8
"18","Lake Capri","18--1998---166",0,0,0,12,0,17,17,4.5,16,8.3,0.238095238095238,24.3,8.7,21,127.545016105753,1.17848013669285,0.734931119829372,7.50264800622074,7.50264800622074,112,37.8978,-90.6275,718,1.2355626060288,"18--1998",166,16.5,15.706862745098,0.212508490422503,78,1.29315249757426,29,8
"18","Lake Capri","18--1998---194",0.111111111111111,0.5,1,8,8,8,18,5.25,14,8.3,0.333333333333333,28.7,9.9,21,66.525586836728,1.08960220532615,0.427894799627585,4.1578491772955,4.1578491772955,112,37.8978,-90.6275,718,1.2355626060288,"18--1998",194,15.75,15.706862745098,0.212508490422503,78,1.29315249757426,29,8
"18","Lake Capri","18--1998---215",0.454545454545455,0.6,5,6,9,6,17,6.25,17,8.3,0.19047619047619,27.3,8.9,21,52.0175273370308,1.02029295889469,0.355682689254201,3.46783515580205,3.46783515580205,112,37.8978,-90.6275,718,1.2355626060288,"18--1998",215,14.75,15.706862745098,0.212508490422503,78,1.29315249757426,29,8
"18","Lake Capri","18--1999---143",0,0,0,13,0,17,21,4.75,17,10.2,0.19047619047619,22.2,7.6,21,163.377348047572,1.35026569443777,0.883647703956053,9.61043223809249,9.61043223809249,112,37.8978,-90.6275,718,1.2355626060288,"18--1999",143,16.25,15.706862745098,0.212508490422503,78,1.29315249757426,30,8
"18","Lake Capri","18--1999---164",0,0.411764705882353,0,9,7,10,16,4.75,13,9.3,0.380952380952381,27.2,8,21,107.548129956549,1.25038035179774,0.608441173556159,6.32636058567938,6.32636058567938,112,37.8978,-90.6275,718,1.2355626060288,"18--1999",164,16.25,15.706862745098,0.212508490422503,78,1.29315249757426,30,8
"18","Lake Capri","18--2000---136",0,0,0,9,0,15,14,6.25,15,10.2,0.285714285714286,20.9,8.4,21,109.024096804069,1.16342719830203,0.678361090472229,7.26827312027128,7.26827312027128,112,37.8978,-90.6275,718,1.2355626060288,"18--2000",136,14.75,15.706862745098,0.212508490422503,78,1.29315249757426,31,8
"18","Lake Capri","18--2000---157",0,0.466666666666667,0,8,7,8,15,6.25,14,7.6,0.333333333333333,23.4,9.3,21,65.853223838012,1.08280835796328,0.429089498440929,4.39021492253414,4.39021492253414,112,37.8978,-90.6275,718,1.2355626060288,"18--2000",157,14.75,15.706862745098,0.212508490422503,78,1.29315249757426,31,8
"18","Lake Capri","18--2000---178",0.1,0.4375,1,9,7,9,14,5.25,15,7.2,0.285714285714286,26.4,9.2,21,85.5241774354396,1.11676906045185,0.553222427904038,5.34526108971497,5.34526108971497,112,37.8978,-90.6275,718,1.2355626060288,"18--2000",178,15.75,15.706862745098,0.212508490422503,78,1.29315249757426,31,8
"18","Lake Capri","18--2000---213",0.625,0.785714285714286,5,3,11,3,15,7.25,15,7,0.285714285714286,27,9.8,21,42.6827688642209,1.24475540115679,0.31742551743784,3.04876920458721,3.04876920458721,112,37.8978,-90.6275,718,1.2355626060288,"18--2000",213,13.75,15.706862745098,0.212508490422503,78,1.29315249757426,31,8
"18","Lake Capri","18--2001---141",0,0,0,17,0,17,13,4.75,21,8.9,0,22.7,7.7,21,184.191639924766,1.40048415434408,1.02081629581762,10.8348023485156,10.8348023485156,112,37.8978,-90.6275,718,1.2355626060288,"18--2001",141,16.25,15.706862745098,0.212508490422503,78,1.29315249757426,32,8
"18","Lake Capri","18--2001---161",0,0,0,15,0,18,11,3.5,18,10.6,0.142857142857143,25.3,8.2,21,186.26944051893,1.49206394921528,1.02426203585168,10.3483022510517,10.3483022510517,112,37.8978,-90.6275,718,1.2355626060288,"18--2001",161,17.5,15.706862745098,0.212508490422503,78,1.29315249757426,32,8
"18","Lake Capri","18--2001---189",0,0.4375,0,9,7,9,10,5.5,14,10.1,0.333333333333333,29.8,9.6,21,88.1971035758323,1.22821051302952,0.574156214802632,5.51231897348952,5.51231897348952,112,37.8978,-90.6275,718,1.2355626060288,"18--2001",189,15.5,15.706862745098,0.212508490422503,78,1.29315249757426,32,8
"18","Lake Capri","18--2001---210",0.363636363636364,0.533333333333333,4,7,8,7,11,6.5,17,11.1,0.19047619047619,29.8,9.1,21,69.6800077848397,1.27691128155936,0.484953232110857,4.64533385232265,4.64533385232265,112,37.8978,-90.6275,718,1.2355626060288,"18--2001",210,14.5,15.706862745098,0.212508490422503,78,1.29315249757426,32,8
"18","Lake Capri","18--2003---138",0,0,0,10,0,16,13,5.25,15,8,0.285714285714286,22.6,6.9,21,141.362700143079,0.850029171169851,0.789878262482125,8.83516875894242,8.83516875894242,112,37.8978,-90.6275,718,1.2355626060288,"18--2003",138,15.75,15.706862745098,0.212508490422503,78,1.29315249757426,33,8
"18","Lake Capri","18--2003---159",0,0,0,12,0,18,13,3.5,15,7.6,0.285714285714286,22.6,7.2,21,143.43239374571,0.924479229830411,0.736257347687124,7.96846631920613,7.96846631920613,112,37.8978,-90.6275,718,1.2355626060288,"18--2003",159,17.5,15.706862745098,0.212508490422503,78,1.29315249757426,33,8
"18","Lake Capri","18--2003---187",0,0.176470588235294,0,12,3,14,16,4.25,16,5.7,0.238095238095238,29.8,7.7,21,82.9601722906535,0.707248528324726,0.466002328056287,4.88001013474432,4.88001013474432,112,37.8978,-90.6275,718,1.2355626060288,"18--2003",187,16.75,15.706862745098,0.212508490422503,78,1.29315249757426,33,8
"18","Lake Capri","18--2003---208",0.272727272727273,0.5,3,8,8,8,15,5.25,16,6,0.238095238095238,28.7,7.8,21,62.8375583625544,0.727221833828079,0.381364265555321,3.92734739765965,3.92734739765965,112,37.8978,-90.6275,718,1.2355626060288,"18--2003",208,15.75,15.706862745098,0.212508490422503,78,1.29315249757426,33,8
"18","Lake Capri","18--2004---139",0,0,0,14,0,18,21,3.75,17.5,8.01,0.166666666666667,21.9,8.7,21,120.092085803078,1.040380008104,0.644921774580537,6.67178254461542,6.67178254461542,112,37.8978,-90.6275,718,1.2355626060288,"18--2004",139,17.25,15.706862745098,0.212508490422503,78,1.29315249757426,34,8
"18","Lake Capri","18--2004---160",0.333333333333333,0.411764705882353,5,10,7,10,12,4.75,19,7.18,0.0952380952380952,25.2,8.8,21,87.5750502014387,0.965951183202976,0.513072142885041,5.1514735412611,5.1514735412611,112,37.8978,-90.6275,718,1.2355626060288,"18--2004",160,16.25,15.706862745098,0.212508490422503,78,1.29315249757426,34,8
"18","Lake Capri","18--2004---188",0.125,0.5625,1,7,9,7,11,5.75,13,8.41,0.380952380952381,26.8,10.2,21,69.5057328128072,1.19649304182284,0.450668678327902,4.34410830080045,4.34410830080045,112,37.8978,-90.6275,718,1.2355626060288,"18--2004",188,15.25,15.706862745098,0.212508490422503,78,1.29315249757426,34,8
"18","Lake Capri","18--2004---209",0.615384615384615,0.642857142857143,8,5,9,5,14,7.05,20,10.26,0.0476190476190477,25.5,9.2,21,45.8794897393928,1.18639457012385,0.331117000850238,3.27710640995663,3.27710640995663,112,37.8978,-90.6275,718,1.2355626060288,"18--2004",209,13.95,15.706862745098,0.212508490422503,78,1.29315249757426,34,8
"18","Lake Capri","18--2005---137",0,0.166666666666667,0,12,3,15,14,3.25,15.8,9.7,0.247619047619048,21.6,8.8,21,130.796770675811,1.30201261224176,0.702437714019322,7.26648725976728,7.26648725976728,112,37.8978,-90.6275,718,1.2355626060288,"18--2005",137,17.75,15.706862745098,0.212508490422503,78,1.29315249757426,35,8
"18","Lake Capri","18--2005---158",0,0.470588235294118,0,8,8,9,19,4.25,12.5,8.1,0.404761904761905,26.5,9.3,21,86.8598408212279,1.29323605889483,0.512059523199893,5.1094024012487,5.1094024012487,112,37.8978,-90.6275,718,1.2355626060288,"18--2005",158,16.75,15.706862745098,0.212508490422503,78,1.29315249757426,35,8
"18","Lake Capri","18--2005---180",0.357142857142857,0.470588235294118,5,9,8,9,19,4.25,18,9.7,0.142857142857143,30,9.1,21,88.0181428220618,1.21993138127368,0.528414636289777,5.17753781306246,5.17753781306246,112,37.8978,-90.6275,718,1.2355626060288,"18--2005",180,16.75,15.706862745098,0.212508490422503,78,1.29315249757426,35,8
"18","Lake Capri","18--2005---206",0.272727272727273,0.555555555555556,3,8,10,8,22,3.75,14.5,9.7,0.30952380952381,30.7,9.5,21,65.7646590568841,1.19164818030063,0.415625031835221,3.65359216982689,3.65359216982689,112,37.8978,-90.6275,718,1.2355626060288,"18--2005",206,17.25,15.706862745098,0.212508490422503,78,1.29315249757426,35,8
"18","Lake Capri","18--2007---155",0,0.176470588235294,0,7,3,14,18,4.75,11,7.1,0.476190476190476,25.3,9.8,21,112.562680736037,1.00763039150646,0.633841595747639,6.62133416094335,6.62133416094335,112,37.8978,-90.6275,718,1.2355626060288,"18--2007",155,16.25,15.706862745098,0.212508490422503,78,1.29315249757426,36,8
"18","Lake Capri","18--2007---176",0.0833333333333333,0.352941176470588,1,11,6,11,18,4.75,16,9.1,0.238095238095238,28.6,8.1,21,102.344502879841,1.16964036482163,0.596526112491853,6.02026487528478,6.02026487528478,112,37.8978,-90.6275,718,1.2355626060288,"18--2007",176,16.25,15.706862745098,0.212508490422503,78,1.29315249757426,36,8
"18","Lake Capri","18--2007---204",0.222222222222222,0.5625,2,7,9,7,18,5.75,14,12,0.333333333333333,28.3,8.7,21,82.2,1.3485799349832,0.512059762574797,5.1375,5.1375,112,37.8978,-90.6275,718,1.2355626060288,"18--2007",204,15.25,15.706862745098,0.212508490422503,78,1.29315249757426,36,8
"20","Monsanto Lake","20--1994---143",0,0,0,6,0,8,7,1.65,7,7.6,0.222222222222222,23.9,10.8,9,51.9172711797826,1.03690248926426,0.635670757592493,6.48965889747283,6.48965889747283,28,37.8118,-90.5006,850,2.03857429370813,"20--1994",143,7.35,6.03888888888889,0.568724705518519,33,1.35972778451206,37,9
"20","Monsanto Lake","20--1994---171",0,0,0,7,0,7,9,2.5,9,6.7,0,25.9,7.9,9,33.6,0.797452637874064,0.453546432812493,4.8,4.8,28,37.8118,-90.5006,850,2.03857429370813,"20--1994",171,6.5,6.03888888888889,0.568724705518519,33,1.35972778451206,37,9
"20","Monsanto Lake","20--1994---199",0.6,0.5,3,2,3,3,8,3.5,8,7.7,0.111111111111111,24.8,6.9,9,21.8,0.456085335102925,0.327472774368929,3.63333333333333,3.63333333333333,28,37.8118,-90.5006,850,2.03857429370813,"20--1994",199,5.5,6.03888888888889,0.568724705518519,33,1.35972778451206,37,9
"20","Monsanto Lake","20--1999---165",0,0,0,2,0,6,6,3.25,5,7.5,0.444444444444444,25.9,13.8,9,55,0.926205980340579,0.826074178290255,9.16666666666667,9.16666666666667,28,37.8118,-90.5006,850,2.03857429370813,"20--1999",165,5.75,6.03888888888889,0.568724705518519,33,1.35972778451206,38,9
"20","Monsanto Lake","20--1999---221",0,0.6,0,1,3,2,4,4.5,5,NA,0.444444444444444,27.3,25.4,9,17.04,0.866250411923524,0.411556322350353,3.408,3.408,28,37.8118,-90.5006,850,2.03857429370813,"20--1999",221,4.5,6.03888888888889,0.568724705518519,33,1.35972778451206,38,9
"20","Monsanto Lake","20--2005---137",0,0,0,3,0,7,9,2.25,5.8,7.9,0.355555555555556,22.7,13.9,9,50.4765420957374,0.948596501543817,0.725801682157401,7.21093458510534,7.21093458510534,28,37.8118,-90.5006,850,2.03857429370813,"20--2005",137,6.75,6.03888888888889,0.568724705518519,33,1.35972778451206,39,9
"20","Monsanto Lake","20--2005---158",0,0,0,3,0,8,9,1.9,4.8,7,0.466666666666667,29.2,16.1,9,47.86880799885,0.86689978090785,0.602947527742313,5.98360099985625,5.98360099985625,28,37.8118,-90.5006,850,2.03857429370813,"20--2005",158,7.1,6.03888888888889,0.568724705518519,33,1.35972778451206,39,9
"20","Monsanto Lake","20--2005---206",0.75,0.857142857142857,3,1,6,1,9,2.25,6,3.3,0.333333333333333,32.3,14.6,9,17,0.815518656103682,0.278245932634809,2.42857142857143,2.42857142857143,28,37.8118,-90.5006,850,2.03857429370813,"20--2005",206,6.75,6.03888888888889,0.568724705518519,33,1.35972778451206,39,9
"21","Goose Creek Lake","21--1996---168",0,0,0,17,0,25,36,3.25,20,8,0.285714285714286,27.9,6,28,195.934426135983,0.839770482466966,0.68161891502815,7.83737704543931,7.83737704543931,379,37.9811,-90.3223,686,1.25684382641571,"21--1996",168,24.75,24.155,0.982318511713865,29,1.34893557785104,40,10
"21","Goose Creek Lake","21--1996---171",0,0,0,19,0,25,42,3.5,22,8.8,0.214285714285714,25.2,5.8,28,237.643314849032,0.896907478513589,0.81665888314327,9.50573259396126,9.50573259396126,379,37.9811,-90.3223,686,1.25684382641571,"21--1996",171,24.5,24.155,0.982318511713865,29,1.34893557785104,40,10
"21","Goose Creek Lake","21--1996---203",0.0434782608695652,0.12,1,22,3,22,22,3.25,26,5.4,0.0714285714285714,27.9,5.8,28,140.578611995166,0.809392075309939,0.496817157913263,5.62314447980664,5.62314447980664,379,37.9811,-90.3223,686,1.25684382641571,"21--1996",203,24.75,24.155,0.982318511713865,29,1.34893557785104,40,10
"21","Goose Creek Lake","21--1998---138",0,0,0,16,0,26,21,2.5,18,8.4,0.357142857142857,27,5.9,28,219.344507217871,1.16295176356634,0.750214624558905,8.43632720068733,8.43632720068733,379,37.9811,-90.3223,686,1.25684382641571,"21--1998",138,25.5,24.155,0.982318511713865,29,1.34893557785104,41,10
"21","Goose Creek Lake","21--1998---194",0,0,0,18,0,25,22,3.5,21.1,6.8,0.246428571428571,28.5,6.2,28,143.914468172711,0.87065544847779,0.5258329301966,5.75657872690844,5.75657872690844,379,37.9811,-90.3223,686,1.25684382641571,"21--1998",194,24.5,24.155,0.982318511713865,29,1.34893557785104,41,10
"21","Goose Creek Lake","21--2000---136",0,0,0,11,0,24,13,4.5,15,10.1,0.464285714285714,22.6,6.1,28,243.807790403212,1.33106523098059,0.889443668354341,10.1586579334672,10.1586579334672,379,37.9811,-90.3223,686,1.25684382641571,"21--2000",136,23.5,24.155,0.982318511713865,29,1.34893557785104,42,10
"21","Goose Creek Lake","21--2000---157",0,0.375,0,11,9,15,17,4.5,15,7.9,0.464285714285714,24.4,6.1,28,134.684350537273,1.06757970591114,0.512693160443204,5.61184793905303,5.61184793905303,379,37.9811,-90.3223,686,1.25684382641571,"21--2000",157,23.5,24.155,0.982318511713865,29,1.34893557785104,42,10
"21","Goose Creek Lake","21--2000---178",0,0,0,10,0,23,10,5,15,7.4,0.464285714285714,27.6,6.4,28,174.919486274322,0.893516357505029,0.667406718899352,7.60519505540532,7.60519505540532,379,37.9811,-90.3223,686,1.25684382641571,"21--2000",178,23,24.155,0.982318511713865,29,1.34893557785104,42,10
"21","Goose Creek Lake","21--2000---213",0,0,0,10,0,23,13,5.2,15,6.4,0.464285714285714,28.1,6.6,28,139.814440176788,0.785804756815064,0.528210236751175,6.07888870333863,6.07888870333863,379,37.9811,-90.3223,686,1.25684382641571,"21--2000",213,22.8,24.155,0.982318511713865,29,1.34893557785104,42,10
"22","Lake Ann","22--1994---142",0.555555555555556,0.636363636363636,5,4,7,4,20,1.65,10,10.9,0.166666666666667,27.9,13.1,12,46.3770623990811,1.10478562436756,0.444060727715753,4.21609658173464,4.21609658173464,87,37.9547,-90.2056,791,2.0299162124841,"22--1994",142,10.35,8.03484848484849,2.8444158824516,23,1.50392540236586,43,11
"22","Lake Ann","22--1994---170",0.9,0.909090909090909,9,1,10,1,12,1.65,11.2,2.1,0.0666666666666668,27.9,10.9,12,34.3979755818426,0.532134885905085,0.315049983545118,3.12708868925842,3.12708868925842,87,37.9547,-90.2056,791,2.0299162124841,"22--1994",170,10.35,8.03484848484849,2.8444158824516,23,1.50392540236586,43,11
"22","Lake Ann","22--1994---198",1,1,7,0,9,0,9,3.5,10,4.1,0.166666666666667,27.2,9.1,12,20.2,0.232037071364732,0.210304589224699,2.24444444444444,2.24444444444444,87,37.9547,-90.2056,791,2.0299162124841,"22--1994",198,8.5,8.03484848484849,2.8444158824516,23,1.50392540236586,43,11
"256","Wellsville City","256--2006---149",0,0.363636363636364,0,7,4,7,14,1.75,8.5,6.6,0.32,26.2,7.2,12.5,57.2,0.904785090752585,0.532519527833598,5.2,5.2,16,39.0356,-91.5769,712,1.27614354405904,"256--2006",149,10.75,9.25,0.162572419049674,10,1.59649989519885,44,12
"256","Wellsville City","256--2006---171",0,0,0,5,0,9,13,3.25,8,5,0.36,28.1,10.7,12.5,59.1796058000721,0.764817631681749,0.623814683563557,6.57551175556357,6.57551175556357,16,39.0356,-91.5769,712,1.27614354405904,"256--2006",171,9.25,9.25,0.162572419049674,10,1.59649989519885,44,12
"256","Wellsville City","256--2006---197",0.333333333333333,0.333333333333333,3,6,3,6,20,3.75,12.5,7.1,0,30,6.6,12.5,46.2515793990348,0.938968496273129,0.551261788268593,5.13906437767053,5.13906437767053,16,39.0356,-91.5769,712,1.27614354405904,"256--2006",197,8.75,9.25,0.162572419049674,10,1.59649989519885,44,12
"256","Wellsville City","256--2006---220",0.2,0.5,1,4,4,4,14,4.25,9.5,6.1,0.24,30.1,9.2,12.5,26.8,0.758015615548694,0.368756490757972,3.35,3.35,16,39.0356,-91.5769,712,1.27614354405904,"256--2006",220,8.25,9.25,0.162572419049674,10,1.59649989519885,44,12
"45","Nehai Tonkayea","45--1994---109",0,0,0,8,0,13,15,7.5,15,12,0.25,14.4,10,20,144.21569399571,1.09330874249981,1.02090701193277,11.0935149227469,11.0935149227469,250,39.5906,-92.8917,751,1.58574938483625,"45--1994",109,12.5,13.84375,0.94672322527101,31,1.46587460987908,45,13
"45","Nehai Tonkayea","45--1994---130",0,0,0,8,0,14,15,6.5,14.2,10.9,0.29,18.2,10.5,20,144.3,1.04787001328866,0.942568886154505,10.3071428571429,10.3071428571429,250,39.5906,-92.8917,751,1.58574938483625,"45--1994",130,13.5,13.84375,0.94672322527101,31,1.46587460987908,45,13
"45","Nehai Tonkayea","45--1994---155",0,0.25,0,11,4,12,14,4.5,15,9.7,0.25,23.9,10.5,20,107.091096025298,1.0141734812988,0.647806222536203,6.69319350158114,6.69319350158114,250,39.5906,-92.8917,751,1.58574938483625,"45--1994",155,15.5,13.84375,0.94672322527101,31,1.46587460987908,45,13
"45","Nehai Tonkayea","45--2004---97",0,0,0,9,0,15,14,5.25,14,10.4,0.3,13.6,8.6,20,139.22715488513,0.968759794139131,0.826519689815106,9.28181032567533,9.28181032567533,250,39.5906,-92.8917,751,1.58574938483625,"45--2004",97,14.75,13.84375,0.94672322527101,31,1.46587460987908,46,13
"45","Nehai Tonkayea","45--2004---102",0,0,0,7,0,13,14,7.75,14,10.4,0.3,11.7,8.4,20,109.957445970549,0.936598444931957,0.74543993939638,8.45826507465762,8.45826507465762,250,39.5906,-92.8917,751,1.58574938483625,"45--2004",102,12.25,13.84375,0.94672322527101,31,1.46587460987908,46,13
"45","Nehai Tonkayea","45--2004---112",0,0,0,11,0,14,16,6.5,17,7.8,0.15,15.9,8.5,20,105.476981484917,0.785561954409061,0.686169490187989,7.53407010606551,7.53407010606551,250,39.5906,-92.8917,751,1.58574938483625,"45--2004",112,13.5,13.84375,0.94672322527101,31,1.46587460987908,46,13
"45","Nehai Tonkayea","45--2004---116",0,0,0,8,0,13,17,7.75,15,7.6,0.25,15,8.6,20,94.4496902705239,0.748816905910509,0.653102671630897,7.2653607900403,7.2653607900403,250,39.5906,-92.8917,751,1.58574938483625,"45--2004",116,12.25,13.84375,0.94672322527101,31,1.46587460987908,46,13
"45","Nehai Tonkayea","45--2004---124",0,0.181818181818182,0,5,2,9,16,9.25,14,7.4,0.3,15.9,8.8,20,64.0933554590021,0.699496609870638,0.521161924791747,5.8266686780911,5.8266686780911,250,39.5906,-92.8917,751,1.58574938483625,"45--2004",124,10.75,13.84375,0.94672322527101,31,1.46587460987908,46,13
"45","Nehai Tonkayea","45--2004---130",0,0,0,11,0,17,14,3.5,14.5,6.8,0.275,21.2,9,20,109.011254053301,0.811805401369926,0.613840966057015,6.41242670901771,6.41242670901771,250,39.5906,-92.8917,751,1.58574938483625,"45--2004",130,16.5,13.84375,0.94672322527101,31,1.46587460987908,46,13
"45","Nehai Tonkayea","45--2004---138",0,0,0,9,0,15,19,5.25,14.5,6.7,0.275,21.2,9.2,20,95,0.734887572712641,0.597526084408477,6.33333333333333,6.33333333333333,250,39.5906,-92.8917,751,1.58574938483625,"45--2004",138,14.75,13.84375,0.94672322527101,31,1.46587460987908,46,13
"45","Nehai Tonkayea","45--2004---144",0,0.0625,0,11,1,15,14,4.75,15,6,0.25,23,9.2,20,85.5614013351918,0.677886804292348,0.516880008134853,5.34758758344949,5.34758758344949,250,39.5906,-92.8917,751,1.58574938483625,"45--2004",144,15.25,13.84375,0.94672322527101,31,1.46587460987908,46,13
"45","Nehai Tonkayea","45--2004---153",0,0,0,10,0,15,16,5.25,15,6.1,0.25,22.9,9.5,20,77.2115053398634,0.639067971998955,0.492503877937361,5.14743368932422,5.14743368932422,250,39.5906,-92.8917,751,1.58574938483625,"45--2004",153,14.75,13.84375,0.94672322527101,31,1.46587460987908,46,13
"45","Nehai Tonkayea","45--2004---159",0,0.125,0,11,2,14,15,4.25,15,6.6,0.25,25.7,9.4,20,78.5216056917897,0.738563410487122,0.47946072228367,4.90760035573686,4.90760035573686,250,39.5906,-92.8917,751,1.58574938483625,"45--2004",159,15.75,13.84375,0.94672322527101,31,1.46587460987908,46,13
"45","Nehai Tonkayea","45--2004---166",0.272727272727273,0.466666666666667,3,8,7,8,27,5.25,16,6.3,0.2,26.1,9.4,20,56.3001782061645,0.514136639924438,0.362801565494607,3.7533452137443,3.7533452137443,250,39.5906,-92.8917,751,1.58574938483625,"45--2004",166,14.75,13.84375,0.94672322527101,31,1.46587460987908,46,13
"45","Nehai Tonkayea","45--2004---172",1,1,10,0,15,0,19,5.75,15,6.5,0.25,24.1,9.5,20,46.481523395981,0.434021985759266,0.298111099077305,3.09876822639874,3.09876822639874,250,39.5906,-92.8917,751,1.58574938483625,"45--2004",172,14.25,13.84375,0.94672322527101,31,1.46587460987908,46,13
"45","Nehai Tonkayea","45--2004---181",0.846153846153846,0.882352941176471,11,2,15,2,18,3.5,16,6.6,0.2,26,9.4,20,49.2479102846991,0.816425335044462,0.302596752361322,2.89693589909995,2.89693589909995,250,39.5906,-92.8917,751,1.58574938483625,"45--2004",181,16.5,13.84375,0.94672322527101,31,1.46587460987908,46,13
"45","Nehai Tonkayea","45--2004---186",0.909090909090909,0.9375,10,1,15,1,18,4.25,15,6.2,0.25,26.2,9.5,20,40.7203373249149,0.699857361538416,0.254800532860591,2.54502108280718,2.54502108280718,250,39.5906,-92.8917,751,1.58574938483625,"45--2004",186,15.75,13.84375,0.94672322527101,31,1.46587460987908,46,13
"45","Nehai Tonkayea","45--2007---141",0,0,0,10,0,16,22,4.75,14,7.6,0.3,22.4,9.4,20,120.340577529094,0.910589432619783,0.700560615679666,7.52128609556839,7.52128609556839,250,39.5906,-92.8917,751,1.58574938483625,"45--2007",141,15.25,13.84375,0.94672322527101,31,1.46587460987908,47,13
"45","Nehai Tonkayea","45--2007---162",0,0.294117647058824,0,12,5,12,18,3.75,15,7.3,0.25,24.6,9.5,20,85.5335807429443,0.879076620239141,0.499971578341026,5.03138710252614,5.03138710252614,250,39.5906,-92.8917,751,1.58574938483625,"45--2007",162,16.25,13.84375,0.94672322527101,31,1.46587460987908,47,13
"45","Nehai Tonkayea","45--2007---210",0.5,0.6875,5,5,11,5,17,4.75,14,2.6,0.3,28.2,9.6,20,37.2086370796537,0.770822986299185,0.241178450826943,2.32553981747835,2.32553981747835,250,39.5906,-92.8917,751,1.58574938483625,"45--2007",210,15.25,13.84375,0.94672322527101,31,1.46587460987908,47,13
"5","Lincoln Lake","5--1994---81",0,0,0,10,0,12,13,3.5,13,14.9,0.133333333333333,12.1,5.3,15,107.969086008421,1.19588336780285,0.746119509500108,8.99742383403506,8.99742383403506,48,39.0203,-90.9217,558,1.39958279594433,"5--1994",81,11.5,11.9794642857143,1.40905195291136,84,1.66518622054103,48,14
"5","Lincoln Lake","5--1994---123",0,0.272727272727273,0,8,3,8,13,4.5,12.5,9.1,0.166666666666667,17.9,5.8,15,55.8947938366617,0.807729541977178,0.444772236769692,5.08134489424197,5.08134489424197,48,39.0203,-90.9217,558,1.39958279594433,"5--1994",123,10.5,11.9794642857143,1.40905195291136,84,1.66518622054103,48,14
"5","Lincoln Lake","5--1994---158",0.8,0.846153846153846,8,2,11,2,12,2.2,12,7.4,0.2,24.9,5.9,15,50.3,0.903454761593974,0.363515290202689,3.86923076923077,3.86923076923077,48,39.0203,-90.9217,558,1.39958279594433,"5--1994",158,12.8,11.9794642857143,1.40905195291136,84,1.66518622054103,48,14
"5","Lincoln Lake","5--1994---214",0.8,0.857142857142857,8,2,12,2,11,1.95,11,9.7,0.266666666666667,24.1,2.9,15,33,1.10852805590075,0.23421114134425,2.35714285714286,2.35714285714286,48,39.0203,-90.9217,558,1.39958279594433,"5--1994",214,13.05,11.9794642857143,1.40905195291136,84,1.66518622054103,48,14
"74","Watkins Mill Lake","74--1994---107",0,0.5,0,1,2,2,6,6.5,7,13.3,0.263157894736842,14.5,11,9.5,18.411961722488,0.896019839278988,0.411971389912941,4.60299043062201,4.60299043062201,100,39.3933,-94.2631,896,2.65494751351711,"74--1994",107,3,6.11967213114754,2.84269094460966,97,1.62182234075515,49,15
"74","Watkins Mill Lake","74--1994---128",0,0,0,4,0,7,6,3.5,7,11.1,0.263157894736842,16.7,12.2,9.5,51.7,0.797261755763914,0.70459081884517,7.38571428571429,7.38571428571429,100,39.3933,-94.2631,896,2.65494751351711,"74--1994",128,6,6.11967213114754,2.84269094460966,97,1.62182234075515,49,15
"74","Watkins Mill Lake","74--1994---151",1,1,4,0,8,0,6,2.5,6.3,7.6,0.336842105263158,23.9,12.9,9.5,19.517774374681,0.434021985759266,0.250861289899246,2.43972179683512,2.43972179683512,100,39.3933,-94.2631,896,2.65494751351711,"74--1994",151,7,6.11967213114754,2.84269094460966,97,1.62182234075515,49,15
"83","Bethany Lake","83--1994---108",0,0,0,9,0,10,14,5.5,14.2,10.7,0.0533333333333333,14.4,9.8,15,97.4,0.986471885338098,0.899210805719958,9.74,9.74,76,40.3125,-94.0317,899,1.56997119437057,"83--1994",108,9.5,10.5718181818182,2.15426288528103,31,1.76184908006879,50,16
"83","Bethany Lake","83--1994---152",0.6,0.692307692307692,6,4,9,4,12,2.5,12.5,7.9,0.166666666666667,22.1,10.8,15,50.2261112038374,0.862777892945513,0.383829440689398,3.8635470156798,3.8635470156798,76,40.3125,-94.0317,899,1.56997119437057,"83--1994",152,12.5,10.5718181818182,2.15426288528103,31,1.76184908006879,50,16
"83","Bethany Lake","83--2004---89",0,0,0,6,0,9,12,6.5,12.5,10.3,0.166666666666667,11.2,8.1,15,78.9924468980631,0.887213541241635,0.770764058423147,8.77693854422924,8.77693854422924,76,40.3125,-94.0317,899,1.56997119437057,"83--2004",89,8.5,10.5718181818182,2.15426288528103,31,1.76184908006879,51,16
"83","Bethany Lake","83--2004---103",0,0,0,6,0,9,12,6.25,12,10.1,0.2,12.5,8.5,15,60.1692365237632,0.688675327155851,0.593882806638055,6.68547072486258,6.68547072486258,76,40.3125,-94.0317,899,1.56997119437057,"83--2004",103,8.75,10.5718181818182,2.15426288528103,31,1.76184908006879,51,16
"83","Bethany Lake","83--2004---111",0.25,0.4,2,6,4,6,16,5.75,13,7.2,0.133333333333333,17.3,8.7,15,43.5536312369241,0.656349442688138,0.398762620020949,4.35536312369241,4.35536312369241,76,40.3125,-94.0317,899,1.56997119437057,"83--2004",111,9.25,10.5718181818182,2.15426288528103,31,1.76184908006879,51,16
"83","Bethany Lake","83--2004---117",0.25,0.666666666666667,1,3,6,3,11,6.25,10,7.5,0.333333333333333,15.5,9.6,15,21.7942260326992,0.471175566153354,0.222739535530604,2.42158067029991,2.42158067029991,76,40.3125,-94.0317,899,1.56997119437057,"83--2004",117,8.75,10.5718181818182,2.15426288528103,31,1.76184908006879,51,16
"83","Bethany Lake","83--2004---123",1,1,1,0,8,0,9,7.25,8.5,7.4,0.433333333333333,15.8,10.1,15,17.8845679391187,0.29135395853615,0.180001122888312,2.23557099238983,2.23557099238983,76,40.3125,-94.0317,899,1.56997119437057,"83--2004",123,7.75,10.5718181818182,2.15426288528103,31,1.76184908006879,51,16
"85","Lake Marie","85--2004---89",0,0,0,2,0,6,6,5.5,7,10,0.363636363636364,10.7,9,11,55.2,0.826969142659627,0.81602404295116,9.2,9.2,30,40.4867,-93.5525,961,1.6969426831858,"85--2004",89,5.5,6.62115384615385,1.23434607343925,34,1.51673326875003,52,17
"85","Lake Marie","85--2004---96",0,0.333333333333333,0,4,3,6,8,2.25,6.5,9.5,0.409090909090909,14.2,10.6,11,53.8282853566959,0.916849700029367,0.558515962735225,5.98092059518843,5.98092059518843,30,40.4867,-93.5525,961,1.6969426831858,"85--2004",96,8.75,6.62115384615385,1.23434607343925,34,1.51673326875003,52,17
"85","Lake Marie","85--2004---103",0.25,0.25,1,3,1,3,11,7.25,11,9.5,0,12.2,8.7,11,20.2,0.531604796195377,0.45095249045144,5.05,5.05,30,40.4867,-93.5525,961,1.6969426831858,"85--2004",103,3.75,6.62115384615385,1.23434607343925,34,1.51673326875003,52,17
"85","Lake Marie","85--2004---111",0.25,0.5,1,3,3,3,13,5.25,9.5,7.1,0.136363636363636,17.6,9.6,11,25.8845802139968,0.719116697013321,0.414706066336216,4.31409670233279,4.31409670233279,30,40.4867,-93.5525,961,1.6969426831858,"85--2004",111,5.75,6.62115384615385,1.23434607343925,34,1.51673326875003,52,17
"87","Brookfield Lake","87--1994---130",0,0,0,5,0,6,8,4.5,9,11,0.1,17.9,13.2,10,47.5630711095843,0.96346480723386,0.786416958277807,7.92717851826406,7.92717851826406,106,39.7961,-93.0283,796,2.55921051467051,"87--1994",130,5.5,5.71604938271605,1.90715031595099,84,1.69929134192968,53,18
"87","Brookfield Lake","87--1994---152",0.4,0.571428571428571,2,3,4,3,9,3.5,8.3,7.9,0.17,22.1,12.9,10,25,0.646298718919528,0.36539465358652,3.57142857142857,3.57142857142857,106,39.7961,-93.0283,796,2.55921051467051,"87--1994",152,6.5,5.71604938271605,1.90715031595099,84,1.69929134192968,53,18
"87","Brookfield Lake","87--2004---88",0,0,0,4,0,6,8,4.5,8.5,10.7,0.15,11.7,9.2,10,55.9,0.889319829646721,0.836431922153309,9.31666666666667,9.31666666666667,106,39.7961,-93.0283,796,2.55921051467051,"87--2004",88,5.5,5.71604938271605,1.90715031595099,84,1.69929134192968,54,18
"87","Brookfield Lake","87--2004---97",0,0,0,5,0,7,10,3.75,8.5,10.1,0.15,14.2,10,10,49.0639123694756,0.9114344551564,0.650682810913992,7.00913033849651,7.00913033849651,106,39.7961,-93.0283,796,2.55921051467051,"87--2004",97,6.25,5.71604938271605,1.90715031595099,84,1.69929134192968,54,18
"87","Brookfield Lake","87--2004---112",0,0.5,0,2,2,2,10,6.25,8.5,7.2,0.15,16.8,11.9,10,14.5501496267552,0.503424263891784,0.348035633381847,3.63753740668881,3.63753740668881,106,39.7961,-93.0283,796,2.55921051467051,"87--2004",112,3.75,5.71604938271605,1.90715031595099,84,1.69929134192968,54,18
"87","Brookfield Lake","87--2004---116",0.666666666666667,0.75,2,1,3,1,11,6.75,9,6.9,0.1,15.3,11.7,10,9.81625678485831,0.545274921617837,0.241855764864249,2.45406419621458,2.45406419621458,106,39.7961,-93.0283,796,2.55921051467051,"87--2004",116,3.25,5.71604938271605,1.90715031595099,84,1.69929134192968,54,18
"96","Fellows Lake","96--1994---136",0,0,0,13,0,20,15,3.5,16,10.3,0.304347826086957,21.8,10.3,23,172.46557330652,1.17199837857739,0.815087117927055,8.623278665326,8.623278665326,812,37.3153,-93.23,1260,1.85114618517986,"96--1994",136,19.5,18.2575423728814,1.57410002150135,105,1.20776968104869,55,19
"96","Fellows Lake","96--1994---164",0,0.526315789473684,0,8,10,9,13,4.5,12.6,8.9,0.452173913043478,23.9,9.9,23,62.3069066975689,0.974664335179411,0.314714511136457,3.27931087881942,3.27931087881942,812,37.3153,-93.23,1260,1.85114618517986,"96--1994",164,18.5,18.2575423728814,1.57410002150135,105,1.20776968104869,55,19
"98","Table Rock Lake","98--2000---137",0,0,0,53,0,53,24,7.75,60,10.2,0,20.4,7.8,60,323.64907607051,1.06130439821387,0.557849535074167,6.10658634095302,6.10658634095302,43070,36.595,-93.3108,915,1.91501426171914,"98--2000",137,52.25,50.7916666666667,1.46758416785064,220,1.05879184054631,56,20
"98","Table Rock Lake","98--2000---181",0.203703703703704,0.203703703703704,11,43,11,43,32,6.75,60,9,0,26,8,60,252.809813076897,1.09678357550091,0.444406508496396,4.68166320512772,4.68166320512772,43070,36.595,-93.3108,915,1.91501426171914,"98--2000",181,53.25,50.7916666666667,1.46758416785064,220,1.05879184054631,56,20
"98","Table Rock Lake","98--2001---121",0,0,0,54,0,54,25,6.25,60,11.8,0,18.9,5.6,60,589.691355584414,1.26483666623156,0.934911564403031,10.9202102886003,10.9202102886003,43070,36.595,-93.3108,915,1.91501426171914,"98--2001",121,53.75,50.7916666666667,1.46758416785064,220,1.05879184054631,57,20
"98","Table Rock Lake","98--2001---241",0.384615384615385,0.384615384615385,20,32,20,32,28,8.75,60,7.6,0,28.7,7.2,60,226.476048707062,0.955909893209766,0.40502639380539,4.35530862898197,4.35530862898197,43070,36.595,-93.3108,915,1.91501426171914,"98--2001",241,51.25,50.7916666666667,1.46758416785064,220,1.05879184054631,57,20
"98","Table Rock Lake","98--2001---261",0.510204081632653,0.510204081632653,25,24,25,24,26,11.25,60,8.3,0,24.8,6.7,60,173.934365917098,0.659355000879074,0.32348072771319,3.54968093708363,3.54968093708363,43070,36.595,-93.3108,915,1.91501426171914,"98--2001",261,48.75,50.7916666666667,1.46758416785064,220,1.05879184054631,57,20
"98","Table Rock Lake","98--2001---276",0.75,0.75,36,12,36,12,23,12.25,60,8.6,0,22.5,6.8,60,137.280161833919,0.517753853506599,0.257695828717233,2.86000337153998,2.86000337153998,43070,36.595,-93.3108,915,1.91501426171914,"98--2001",276,47.75,50.7916666666667,1.46758416785064,220,1.05879184054631,57,20
"98","Table Rock Lake","98--2002---121",0.0377358490566038,0.0555555555555556,2,51,3,51,27,6.75,59,11.6,0.0166666666666667,17.6,7.1,60,555.085159425597,1.14328323576354,0.914588374697683,10.2793548041777,10.2793548041777,43070,36.595,-93.3108,915,1.91501426171914,"98--2002",121,53.25,50.7916666666667,1.46758416785064,220,1.05879184054631,58,20
"98","Table Rock Lake","98--2002---157",0,0,0,56,0,56,22,4.75,60,11.4,0,25.6,7.7,60,425.591213861603,1.5273497029172,0.715347036582291,7.59984310467149,7.59984310467149,43070,36.595,-93.3108,915,1.91501426171914,"98--2002",157,55.25,50.7916666666667,1.46758416785064,220,1.05879184054631,58,20
"98","Table Rock Lake","98--2002---211",0.666666666666667,0.666666666666667,36,18,36,18,23,6.25,60,4,0,29.8,8.8,60,135.046774807057,0.824226042221063,0.240168821545056,2.50086620013068,2.50086620013068,43070,36.595,-93.3108,915,1.91501426171914,"98--2002",211,53.75,50.7916666666667,1.46758416785064,220,1.05879184054631,58,20
"98","Table Rock Lake","98--2003---162",0,0,0,45,0,52,21,8.25,53,8.7,0.116666666666667,22.9,6.1,60,484.654596394428,1.07709859099739,0.821023251476575,9.32028069989284,9.32028069989284,43070,36.595,-93.3108,915,1.91501426171914,"98--2003",162,51.75,50.7916666666667,1.46758416785064,220,1.05879184054631,59,20
"98","Table Rock Lake","98--2003---197",0.0566037735849057,0.0566037735849057,3,50,3,50,23,7.25,60,10.8,0,29.7,6.4,60,365.725186147606,1.30378360500727,0.639686396793946,6.9004752103322,6.9004752103322,43070,36.595,-93.3108,915,1.91501426171914,"98--2003",197,52.75,50.7916666666667,1.46758416785064,220,1.05879184054631,59,20
"98","Table Rock Lake","98--2003---246",0.653846153846154,0.653846153846154,34,18,34,18,20,8.25,60,7,0,27.6,6.9,60,170.934271105578,0.870737191493713,0.315413531732618,3.28719752126111,3.28719752126111,43070,36.595,-93.3108,915,1.91501426171914,"98--2003",246,51.75,50.7916666666667,1.46758416785064,220,1.05879184054631,59,20
"98","Table Rock Lake","98--2003---267",0.974358974358974,0.979591836734694,38,1,48,1,21,11.75,50,8.6,0.166666666666667,23.7,7.3,60,111.427783241489,0.723872190076416,0.215635367108253,2.27403639268344,2.27403639268344,43070,36.595,-93.3108,915,1.91501426171914,"98--2003",267,48.25,50.7916666666667,1.46758416785064,220,1.05879184054631,59,20
"98","Table Rock Lake","98--2004---112",0,0,0,46,0,51,24,9.25,55,10.5,0.0833333333333334,16.7,6.2,60,513.483346582271,1.06973843701501,0.871720182795163,10.0683009133779,10.0683009133779,43070,36.595,-93.3108,915,1.91501426171914,"98--2004",112,50.75,50.7916666666667,1.46758416785064,220,1.05879184054631,60,20
"98","Table Rock Lake","98--2004---167",0.145454545454545,0.145454545454545,8,47,8,47,22,5.75,60,6.6,0,27.5,7.2,60,318.350387716123,0.814908251405286,0.53594668925058,5.78818886756588,5.78818886756588,43070,36.595,-93.3108,915,1.91501426171914,"98--2004",167,54.25,50.7916666666667,1.46758416785064,220,1.05879184054631,60,20
"98","Table Rock Lake","98--2004---202",0.622641509433962,0.622641509433962,33,20,33,20,21,7.25,60,3.6,0,29,7.7,60,183.750661625212,0.634650824249913,0.32672331976087,3.46699361557004,3.46699361557004,43070,36.595,-93.3108,915,1.91501426171914,"98--2004",202,52.75,50.7916666666667,1.46758416785064,220,1.05879184054631,60,20
"98","Table Rock Lake","98--2005---124",0,0,0,36,0,46,21,14.25,50,12.3,0.166666666666667,17.5,8,60,398.491880292953,0.880992461810623,0.770568589984444,8.66286696289028,8.66286696289028,43070,36.595,-93.3108,915,1.91501426171914,"98--2005",124,45.75,50.7916666666667,1.46758416785064,220,1.05879184054631,61,20
"98","Table Rock Lake","98--2005---215",0.387755102040816,0.444444444444444,19,30,24,30,23,6.25,55,15,0.0833333333333334,29.5,8.6,60,255.901430709811,1.82110322970888,0.46054821873264,4.73891538351503,4.73891538351503,43070,36.595,-93.3108,915,1.91501426171914,"98--2005",215,53.75,50.7916666666667,1.46758416785064,220,1.05879184054631,61,20
"98","Table Rock Lake","98--2005---242",0.730769230769231,0.730769230769231,38,14,38,14,22,8.25,60,11.8,0,28,8.7,60,154.3440257852,1.60000486735758,0.291953296896941,2.96815434202308,2.96815434202308,43070,36.595,-93.3108,915,1.91501426171914,"98--2005",242,51.75,50.7916666666667,1.46758416785064,220,1.05879184054631,61,20
"98","Table Rock Lake","98--2006---158",0,0,0,55,0,55,22,5.25,60,9.4,0,26.3,7.3,60,418.843251382682,1.21927911209013,0.697381589560677,7.61533184332149,7.61533184332149,43070,36.595,-93.3108,915,1.91501426171914,"98--2006",158,54.75,50.7916666666667,1.46758416785064,220,1.05879184054631,62,20
"98","Table Rock Lake","98--2006---205",0.0612244897959184,0.148148148148148,3,46,8,46,21,6.75,55,9.3,0.0833333333333334,29.1,7.5,60,312.291676805777,1.13383504753117,0.537314350478783,5.78317920010697,5.78317920010697,43070,36.595,-93.3108,915,1.91501426171914,"98--2006",205,53.25,50.7916666666667,1.46758416785064,220,1.05879184054631,62,20
"98","Table Rock Lake","98--2006---228",0.288461538461538,0.314814814814815,15,37,17,37,24,6.25,58,10.2,0.0333333333333333,29.1,7.6,60,269.941523401493,1.24068527043878,0.47389818670769,4.99891710002765,4.99891710002765,43070,36.595,-93.3108,915,1.91501426171914,"98--2006",228,53.75,50.7916666666667,1.46758416785064,220,1.05879184054631,62,20
"98","Table Rock Lake","98--2006---256",0.613636363636364,0.653061224489796,27,17,32,17,19,11.75,55,8,0.0833333333333334,26,7.8,60,150.501114396091,0.765219719171015,0.279648717021328,3.07145131420593,3.07145131420593,43070,36.595,-93.3108,915,1.91501426171914,"98--2006",256,48.25,50.7916666666667,1.46758416785064,220,1.05879184054631,62,20
"98","Table Rock Lake","98--2006---269",0.638297872340426,0.638297872340426,30,17,30,17,23,13.75,60,8.6,0,22.8,7.8,60,132.108301527363,0.695654290155468,0.254902365320968,2.81081492611412,2.81081492611412,43070,36.595,-93.3108,915,1.91501426171914,"98--2006",269,46.25,50.7916666666667,1.46758416785064,220,1.05879184054631,62,20
"98","Table Rock Lake","98--2006---311",0.774193548387097,0.829268292682927,24,7,34,7,11,19.75,50,10,0.166666666666667,15.2,8.1,60,84.5957750117973,0.509271996838719,0.185860946553918,2.06331158565359,2.06331158565359,43070,36.595,-93.3108,915,1.91501426171914,"98--2006",311,40.25,50.7916666666667,1.46758416785064,220,1.05879184054631,62,20
